Locale,39
Name,27
className,24
null,21
TemporalField,20
その,19
ByteBuffer,16
ObjectName,15
Component,13
Path,12
Class,12
YEAR,11
Window,11
ValueExp,9
InputStream,9
Integer,9
Nodenode,8
Remote,8
LocalDateTime,8
Nimbus,8
MBeanServerConnection,8
duration,7
intparameterIndex,7
OutputStream,7
IMMUTABLE,7
Graphics,7
SIZED,7
char,6
firstRow,6
add,6
Supplier,6
ResultSet,6
elem,6
LEFT,6
Spliterator,6
value,6
CONCURRENT,6
Pattern,5
boolean,5
MethodHandles,5
AudioSystem,5
ClassLoader,5
MONTH,5
Temporal,5
DISTINCT,5
JLabel,4
SynthContext,4
MessageFormat,4
InetAddress,4
Dialog,4
imageIndex,4
minimum,4
RIGHT,4
NORTH,4
SOUTH,4
seed,4
Float,4
connection,4
ORDERED,4
CharSequence,4
foo,4
StringparameterName,4
width,4
CharBuffer,4
source,4
BigInteger,3
AWTEvent,3
HowtoUseButtons,3
prefix,3
hostEncoding,3
target,3
Source,3
はい,3
list,3
DOMError,3
ElementType,3
objectName,3
identity,3
DatatypeConstants,3
parentX,3
NCHAR,3
Redirect,3
src,3
length,3
Boolean,3
parent,3
XmlElement,3
SUBSIZED,3
JANUARY,3
List,3
BlockingQueue,3
NONNULL,3
YEARS,3
StringBuffer,3
Short,3
execute,3
regex,3
JavaPlatform,3
inthours,3
ImageOutputStream,2
OPAQUE,2
host,2
DataHandler,2
QName,2
pattern,2
PrintMode,2
endTime,2
imageindex,2
OfInt,2
Transferable,2
PrivateKey,2
Function,2
WEIGHT,2
ResourceBundle,2
roman,2
XMLConstants,2
user,2
いいえ,2
ExecutorService,2
Spinner,2
lastModifiedTime,2
tileX,2
MyClass,2
URLurl,2
LEADING,2
position,2
exitVM,2
anchor,2
Signature,2
Proxy,2
Element,2
intkeyCode,2
childMinX,2
SSLSocketFactory,2
Image,2
nodeName,2
RoundingMode,2
OutputStreamout,2
contentPane,2
JFrame,2
KerberosPrincipal,2
Attr,2
MidiDevice,2
ZoneOffset,2
columnIndex,2
NumericShaper,2
color,2
mbeanServerConnection,2
group,2
BigDecimal,2
DragSourceContext,2
Rectangle,2
SelectionKey,2
ColumnNumber,2
CHARACTERS,2
SourceDataLine,2
TrayIcon,2
pageRanges,2
getImportedKeys,2
characterStream,2
byteStream,2
systemId,2
Shape,2
Objectkey,2
format,2
fromElement,2
AudioFormat,2
SwingConstants,2
StringnamespaceURI,2
LSParser,2
JList,2
directoryURL,2
Objectitem,2
setLoginTimeout,2
BITMASK,1
RMIJRMPServerImpl,1
JDBCCHAR,1
maddr,1
writeInt,1
util,1
qualifiedName,1
setLocation,1
SplitPaneDivider,1
access,1
firstIndex,1
ioplex,1
Quarto,1
DeclaredType,1
FLOAT,1
getUserInfo,1
synthFile,1
OffsetDateTime,1
codesource,1
icon,1
TabularType,1
getBoolean,1
ComponentEvent,1
Ledger,1
REVERT,1
subSet,1
rewind,1
toElement,1
JdbcRowSet,1
cert,1
RenderContext,1
Stringuri,1
Text,1
TreeModel,1
fillRect,1
lastRow,1
CEILING,1
FLOOR,1
UNNECESSARY,1
lower,1
url,1
insertProvider,1
SSLSocket,1
setSelectionPath,1
MimeHeaders,1
AffineTransform,1
XmlElementWrapper,1
endDateTime,1
DocumentTypeDeclaration,1
NorthAmericanLetter,1
OrientationRequestedType,1
Sourcesource,1
TextStyle,1
removeNodeSpi,1
Instant,1
Label,1
ENTERED,1
tabularType,1
URIReference,1
StyledDocument,1
CharSequencetext,1
ForkJoinTask,1
XMLSchema,1
responderCertSubjectName,1
Tuesday,1
STRUCT,1
ClassFileTransformer,1
Identity,1
setShort,1
divisor,1
ServiceProviderInterface,1
InvitationEnvelope,1
KeyboardFocusManager,1
insets,1
left,1
removeProvider,1
SOCKS,1
RuntimeException,1
MonarchEnvelope,1
baseName,1
XmlID,1
SSLServerSocketFactory,1
float,1
XmlType,1
SOAPEnvelope,1
ownerDocument,1
dstOffset,1
StandardCharsets,1
contains,1
Integervalue,1
GreenwichMeanTime,1
DefaultFormatter,1
node,1
DataSource,1
IIOMetadataNode,1
Phaser,1
StyleConstants,1
otherName,1
coll,1
useCipherSuitesOrder,1
openAttributes,1
TypeMirror,1
adapter,1
い,1
EngineeringB,1
ZoneId,1
JeffreyE,1
Attribute,1
writeInsert,1
EngineeringD,1
EDT,1
prototypeCellValue,1
ObjectReference,1
permits,1
ChronoLocalDateTime,1
head,1
getNextRightHit,1
ImageReaderSpi,1
Matcher,1
result,1
StringlocalName,1
WindowConstants,1
CompositeType,1
ItalyEnvelope,1
InputMethodContext,1
layeredPane,1
JComboBox,1
DOM,1
SORTED,1
SidesType,1
DefaultSelectionType,1
Arrays,1
intfromIndex,1
Notification,1
getNClob,1
InputSourcesource,1
DialogType,1
Warren,1
AddisonWesley,1
ClassNotFoundException,1
Throwable,1
subMap,1
unicode,1
Arrayarray,1
itemNames,1
getRawUserInfo,1
MINUTE,1
JTable,1
Method,1
DocFlavor,1
JApplet,1
OBJECTNAME,1
TextHitInfo,1
JScrollPane,1
integer,1
DATETIME,1
GYEARMONTH,1
GMONTHDAY,1
GYEAR,1
GMONTH,1
TypeElement,1
FontMetrics,1
implementation,1
lowerbound,1
AlgorithmParameters,1
PrintQualityType,1
EngineeringC,1
Folio,1
DateFormat,1
loaded,1
menuPopupOffsetX,1
menuPopupOffsetY,1
submenuPopupOffsetX,1
lowerEntry,1
port,1
TableModel,1
BOOLEAN,1
BASELINE,1
WIDTH,1
remoteCodebase,1
Metal,1
TextField,1
HEISEI,1
TAISHO,1
sourceBean,1
GlobalPositioningSystem,1
sourceStart,1
endYearMonth,1
oracle,1
SOAPFactory,1
OfLong,1
FileChannel,1
SyncResolver,1
NotificationBroadcaster,1
Currency,1
insertBefore,1
baseURI,1
finisher,1
setInt,1
Era,1
XMLReader,1
PrivilegedExceptionAction,1
endYear,1
ParagraphConstants,1
CharacterConstants,1
FontConstants,1
UnicastRef,1
suspend,1
content,1
setRawResult,1
JEditorPane,1
Blob,1
bundlename,1
BusinessEnvelope,1
offer,1
peek,1
CENTER,1
image,1
Runnable,1
FEBRUARY,1
BigIntegeryear,1
newAlphaComposite,1
endDate,1
cmd,1
setViewportView,1
feature,1
DataBuffer,1
putSpi,1
FilePermission,1
SocketPermission,1
NetPermission,1
SecurityPermission,1
RuntimePermission,1
PropertyPermission,1
AWTPermission,1
ReflectPermission,1
WARNING,1
ERROR,1
StandardMBean,1
myMbean,1
LTR,1
Math,1
RootElement,1
stringFlavor,1
Toolkit,1
EngineeringA,1
getClob,1
aSplittableRandom,1
setAsciiStream,1
ChronoLocalDate,1
DataFlavor,1
OfDouble,1
scheme,1
menuItem,1
relaxng,1
instant,1
Foo,1
LocalDate,1
bounds,1
endInstant,1
DirectoryManager,1
Logger,1
transformer,1
entrySet,1
MouseListener,1
Stringtitle,1
attribute,1
NUMERIC,1
connect,1
getMetadataFormat,1
align,1
properties,1
primePLen,1
JComponent,1
NameAttribute,1
DOUBLE,1
Invalid,1
AccessControlList,1
TreeSet,1
ImageWriterSpi,1
jndi,1
WSDL,1
BOLD,1
Juicy,1
range,1
SwingUtilities,1
TimeUnit,1
NotificationListener,1
NotificationFilter,1
certPath,1
DestinationType,1
JMXConnector,1
class,1
XmlJavaTypeAdapter,1
LongBuffer,1
proxy,1
GraphicsDevice,1
arguments,1
JPanel,1
fff,1
LSSerializer,1
deltaX,1
ImageInputStream,1
formatName,1
command,1
PLAIN,1
REQUIRED,1
CertificateFactory,1
interfaceClass,1
Socket,1
gridwidth,1
gridx,1
OutputStreamos,1
StringfactoryId,1
getBlob,1
typeElem,1
ISODesignatedLong,1
Forexample,1
addSource,1
setQueryTimeout,1
Animal,1
Button,1
proposedWidth,1
JAXBContext,1
SocketAddress,1
Elemente,1
EngineeringE,1
OCTOBER,1
ENABLED,1
NorthAmericanLegal,1
SHORT,1
writeBoolean,1
Muller,1
Marsaglia,1